"Sample.File","Marker","Allele.1","Allele.2","Allele.3","Allele.4","Allele.5","Allele.6","Allele.7","Allele.8","Allele.9","Allele.10","Height.1","Height.2","Height.3","Height.4","Height.5","Height.6","Height.7","Height.8","Height.9","Height.10","Size.1","Size.2","Size.3","Size.4","Size.5","Size.6","Size.7","Size.8","Size.9","Size.10"
"3cont_3.u.1.t","D10S1248","12","13","14","15","","","","","","",154,2212,"2469","198","","","","","","",1,2,"3","4","","","","","",""
"3cont_3.u.1.t","vWA","14","15","16","17","18","","","","","",215,43,"389","2545","1690","","","","","",1,2,"3","4","5","","","","",""
"3cont_3.u.1.t","D16S539","11","12","13","","","","","","","",252,3524,"163","","","","","","","",1,2,"3","","","","","","",""
"3cont_3.u.1.t","D2S1338","16","17","18","19","20","22","23","","","",69,1140,"1366","61","495","125","660","","","",1,2,"3","4","5","6","7","","",""
"3cont_3.u.1.t","AMEL","X","Y","","","","","","","","",2447,965,"","","","","","","","",1,2,"","","","","","","",""
"3cont_3.u.1.t","D8S1179","10","14","15","","","","","","","",2143,1313,"1697","","","","","","","",3,5,"6","","","","","","",""
"3cont_3.u.1.t","D21S11","29","30","31.2","32.2","33.2","","","","","",235,3138,"89","24","162","","","","","",1,2,"3","4","5","","","","",""
"3cont_3.u.1.t","D18S51","11","12","13","14","15","16","","","","",45,750,"403","2041","1161","46","","","","",1,2,"3","4","5","6","","","",""
"3cont_3.u.1.t","D22S1045","14","15","16","17","","","","","","",202,1819,"2043","112","","","","","","",1,2,"3","4","","","","","",""
"3cont_3.u.1.t","D19S433","13","13.2","14","14.2","15","17","","","","",1627,190,"934","1316","259","588","","","","",2,3,"4","5","6","8","","","",""
"3cont_3.u.1.t","TH01","6","7","8","9","9.3","","","","","",1370,1119,"1072","137","1184","","","","","",1,2,"3","4","5","","","","",""
"3cont_3.u.1.t","FGA","19","20","21","22","23","24","","","","",73,1025,"100","1610","59","743","","","","",1,2,"3","4","6","5","","","",""
"3cont_3.u.1.t","D2S441","9","10","11","14","15","","","","","",81,1081,"783","474","575","","","","","",1,2,"3","4","5","","","","",""
"3cont_3.u.1.t","D3S1358","14","15","16","17","18","","","","","",1440,1200,"143","1871","124","","","","","",1,2,"3","4","5","","","","",""
"3cont_3.u.1.t","D1S1656","11","12","13","14","15","15.3","17.3","","","",56,936,"65","729","835","561","221","","","",1,2,"6","3","4","5","6","","",""
"3cont_3.u.1.t","D12S391","16","17","18","19","19.3","20","23","","","",39,676,"172","526","741","857","86","","","",1,2,"3","4","5","6","7","","",""
"3cont_3.u.1.t","SE33","15","16","17","18","19","24.2","25.2","26.2","27.2","",179,52,"639","68","667","109","851","103","1039","",1,2,"3","4","5","6","7","8","9",""
