Sample.File,Marker,Allele.1,Allele.2,Allele.3,Allele.4,Allele.5,Allele.6,Allele.7,Allele.8,Allele.9,Allele.10,Allele.11,Height.1,Height.2,Height.3,Height.4,Height.5,Height.6,Height.7,Height.8,Height.9,Height.10,Height.11,Size.1,Size.2,Size.3,Size.4,Size.5,Size.6,Size.7,Size.8,Size.9,Size.10,Size.11
,,,,,,,,,,,,,,,,,,,,,,,,,,,,,,,,,,
exCSP.R1,D10S1248,12,13,14,15,16,NA,NA,NA,NA,NA,NA,32,501,452,2656,2689,NA,NA,NA,NA,NA,NA,1,2,3,4,5,NA,NA,NA,NA,NA,NA
,,,,,,,,,,,,,,,,,,,,,,,,,,,,,,,,,,
exCSP.R1,vWA,14,15,16,17,18,NA,NA,NA,NA,NA,NA,213,195,1120,1273,61,NA,NA,NA,NA,NA,NA,1,2,3,4,5,NA,NA,NA,NA,NA,NA
,,,,,,,,,,,,,,,,,,,,,,,,,,,,,,,,,,
exCSP.R1,D16S539,9,10,11,NA,NA,NA,NA,NA,NA,NA,NA,183,1483,1564,NA,NA,NA,NA,NA,NA,NA,NA,1,2,3,NA,NA,NA,NA,NA,NA,NA,NA
,,,,,,,,,,,,,,,,,,,,,,,,,,,,,,,,,,
exCSP.R1,D2S1338,17,18,19,22,23,24,25,NA,NA,NA,NA,121,278,990,123,1093,27,238,NA,NA,NA,NA,1,2,3,4,5,6,7,NA,NA,NA,NA
,,,,,,,,,,,,,,,,,,,,,,,,,,,,,,,,,,
exCSP.R1,AMEL,X,Y,NA,NA,NA,NA,NA,NA,NA,NA,NA,1456,1760,NA,NA,NA,NA,NA,NA,NA,NA,NA,1,2,NA,NA,NA,NA,NA,NA,NA,NA,NA
,,,,,,,,,,,,,,,,,,,,,,,,,,,,,,,,,,
exCSP.R1,D8S1179,11,12,13,14,15,NA,NA,NA,NA,NA,NA,21,318,1256,1519,77,NA,NA,NA,NA,NA,NA,1,2,3,4,5,NA,NA,NA,NA,NA,NA
,,,,,,,,,,,,,,,,,,,,,,,,,,,,,,,,,,
exCSP.R1,D21S11,27,28,29,30,32.2,NA,NA,NA,NA,NA,NA,50,978,96,1085,40,NA,NA,NA,NA,NA,NA,1,2,3,4,5,NA,NA,NA,NA,NA,NA
,,,,,,,,,,,,,,,,,,,,,,,,,,,,,,,,,,
exCSP.R1,D18S51,12,13,14,15,16,20,21,NA,NA,NA,NA,42,701,718,21,45,21,177,NA,NA,NA,NA,1,2,3,4,5,6,7,NA,NA,NA,NA
,,,,,,,,,,,,,,,,,,,,,,,,,,,,,,,,,,
exCSP.R1,D22S1045,10,11,14,15,16,17,NA,NA,NA,NA,NA,27,858,100,1156,397,27,NA,NA,NA,NA,NA,1,2,3,4,5,6,NA,NA,NA,NA,NA
,,,,,,,,,,,,,,,,,,,,,,,,,,,,,,,,,,
exCSP.R1,D19S433,11,12,13,13.2,14,15,NA,NA,NA,NA,NA,77,196,2575,33,97,1596,NA,NA,NA,NA,NA,1,2,3,4,5,6,NA,NA,NA,NA,NA
,,,,,,,,,,,,,,,,,,,,,,,,,,,,,,,,,,
exCSP.R1,TH01,7,8,8.3,9.3,NA,NA,NA,NA,NA,NA,NA,314,137,26,2279,NA,NA,NA,NA,NA,NA,NA,1,2,3,4,NA,NA,NA,NA,NA,NA,NA
,,,,,,,,,,,,,,,,,,,,,,,,,,,,,,,,,,
exCSP.R1,FGA,18.2,20,22,24,25,NA,NA,NA,NA,NA,NA,75,28,50,140,1328,NA,NA,NA,NA,NA,NA,1,2,3,4,5,NA,NA,NA,NA,NA,NA
,,,,,,,,,,,,,,,,,,,,,,,,,,,,,,,,,,
exCSP.R1,D2S441,10,11,13,14,NA,NA,NA,NA,NA,NA,NA,126,1764,33,905,NA,NA,NA,NA,NA,NA,NA,1,2,3,4,NA,NA,NA,NA,NA,NA,NA
,,,,,,,,,,,,,,,,,,,,,,,,,,,,,,,,,,
exCSP.R1,D3S1358,14,15,16,17,18,NA,NA,NA,NA,NA,NA,39,1149,187,1327,21,NA,NA,NA,NA,NA,NA,1,2,3,4,5,NA,NA,NA,NA,NA,NA
,,,,,,,,,,,,,,,,,,,,,,,,,,,,,,,,,,
exCSP.R1,D1S1656,13,14,14.3,15.3,16.3,18.3,NA,NA,NA,NA,NA,90,102,71,1315,628,60,NA,NA,NA,NA,NA,1,2,3,4,5,6,NA,NA,NA,NA,NA
,,,,,,,,,,,,,,,,,,,,,,,,,,,,,,,,,,
exCSP.R1,D12S391,17,17.3,19,20,21,NA,NA,NA,NA,NA,NA,146,819,72,53,555,NA,NA,NA,NA,NA,NA,1,2,3,4,5,NA,NA,NA,NA,NA,NA
,,,,,,,,,,,,,,,,,,,,,,,,,,,,,,,,,,
exCSP.R1,SE33,14,16,19,20,21,27.2,28.2,NA,NA,NA,NA,43,82,42,87,766,57,650,NA,NA,NA,NA,1,2,3,4,5,6,7,NA,NA,NA,NA
,,,,,,,,,,,,,,,,,,,,,,,,,,,,,,,,,,
exCSP.R2,D10S1248,12,13,14,15,16,NA,NA,NA,NA,NA,NA,66,902,169,2241,2292,NA,NA,NA,NA,NA,NA,1,2,3,4,5,NA,NA,NA,NA,NA,NA
,,,,,,,,,,,,,,,,,,,,,,,,,,,,,,,,,,
exCSP.R2,vWA,14,15,16,17,NA,NA,NA,NA,NA,NA,NA,66,315,1087,1358,NA,NA,NA,NA,NA,NA,NA,1,2,3,4,NA,NA,NA,NA,NA,NA,NA
,,,,,,,,,,,,,,,,,,,,,,,,,,,,,,,,,,
exCSP.R2,D16S539,8,9,10,11,12,NA,NA,NA,NA,NA,NA,21,359,1637,681,99,NA,NA,NA,NA,NA,NA,1,2,3,4,5,NA,NA,NA,NA,NA,NA
,,,,,,,,,,,,,,,,,,,,,,,,,,,,,,,,,,
exCSP.R2,D2S1338,16,17,18,19,22,23,24,25,NA,NA,NA,21,21,250,1306,50,643,21,189,NA,NA,NA,1,2,3,4,5,6,7,8,NA,NA,NA
,,,,,,,,,,,,,,,,,,,,,,,,,,,,,,,,,,
exCSP.R2,AMEL,X,Y,NA,NA,NA,NA,NA,NA,NA,NA,NA,2130,2313,NA,NA,NA,NA,NA,NA,NA,NA,NA,1,2,NA,NA,NA,NA,NA,NA,NA,NA,NA
,,,,,,,,,,,,,,,,,,,,,,,,,,,,,,,,,,
exCSP.R2,D8S1179,8,12,13,14,NA,NA,NA,NA,NA,NA,NA,45,299,945,1726,NA,NA,NA,NA,NA,NA,NA,1,2,3,4,NA,NA,NA,NA,NA,NA,NA
,,,,,,,,,,,,,,,,,,,,,,,,,,,,,,,,,,
exCSP.R2,D21S11,27,28,29,30,31.2,32.2,37,NA,NA,NA,NA,38,760,104,1169,150,45,105,NA,NA,NA,NA,1,2,3,4,5,6,7,NA,NA,NA,NA
,,,,,,,,,,,,,,,,,,,,,,,,,,,,,,,,,,
exCSP.R2,D18S51,12,13,14,16,20,21,NA,NA,NA,NA,NA,133,1812,1244,41,21,168,NA,NA,NA,NA,NA,1,2,3,4,5,6,NA,NA,NA,NA,NA
,,,,,,,,,,,,,,,,,,,,,,,,,,,,,,,,,,
exCSP.R2,D22S1045,10,11,14,15,16,17,NA,NA,NA,NA,NA,39,1432,186,1892,402,26,NA,NA,NA,NA,NA,1,2,3,4,5,6,NA,NA,NA,NA,NA
,,,,,,,,,,,,,,,,,,,,,,,,,,,,,,,,,,
exCSP.R2,D19S433,11,12,13,14,15,15.2,NA,NA,NA,NA,NA,57,147,2384,177,2186,63,NA,NA,NA,NA,NA,1,2,3,4,5,6,NA,NA,NA,NA,NA
,,,,,,,,,,,,,,,,,,,,,,,,,,,,,,,,,,
exCSP.R2,TH01,6,7,8,8.3,9,9.3,NA,NA,NA,NA,NA,21,260,253,21,62,2314,NA,NA,NA,NA,NA,1,2,3,4,5,6,NA,NA,NA,NA,NA
,,,,,,,,,,,,,,,,,,,,,,,,,,,,,,,,,,
exCSP.R2,FGA,18.2,20,21,22,23,24,25,31,NA,NA,NA,95,169,226,40,74,251,2310,29,NA,NA,NA,1,2,3,4,5,6,7,8,NA,NA,NA
,,,,,,,,,,,,,,,,,,,,,,,,,,,,,,,,,,
exCSP.R2,D2S441,10,11,13,14,NA,NA,NA,NA,NA,NA,NA,167,1824,32,1190,NA,NA,NA,NA,NA,NA,NA,1,2,3,4,NA,NA,NA,NA,NA,NA,NA
,,,,,,,,,,,,,,,,,,,,,,,,,,,,,,,,,,
exCSP.R2,D3S1358,14,15,15.2,16,17,NA,NA,NA,NA,NA,NA,62,1418,34,135,1219,NA,NA,NA,NA,NA,NA,1,2,3,4,5,NA,NA,NA,NA,NA,NA
,,,,,,,,,,,,,,,,,,,,,,,,,,,,,,,,,,
exCSP.R2,D1S1656,12,13,14,14.3,15.3,16.3,18.3,NA,NA,NA,NA,49,340,33,58,1132,732,46,NA,NA,NA,NA,1,2,3,4,5,6,7,NA,NA,NA,NA
,,,,,,,,,,,,,,,,,,,,,,,,,,,,,,,,,,
exCSP.R2,D12S391,16,17,17.3,19,20,21,NA,NA,NA,NA,NA,21,362,842,90,81,1023,NA,NA,NA,NA,NA,1,2,3,4,5,6,NA,NA,NA,NA,NA
,,,,,,,,,,,,,,,,,,,,,,,,,,,,,,,,,,
exCSP.R2,SE33,19,20,21,23.2,27.2,28.2,NA,NA,NA,NA,NA,68,74,566,46,55,630,NA,NA,NA,NA,NA,1,2,3,4,5,6,NA,NA,NA,NA,NA
,,,,,,,,,,,,,,,,,,,,,,,,,,,,,,,,,,
exCSP.R3,D10S1248,12,13,14,15,16,NA,NA,NA,NA,NA,NA,21,338,134,1268,1414,NA,NA,NA,NA,NA,NA,1,2,3,4,5,NA,NA,NA,NA,NA,NA
,,,,,,,,,,,,,,,,,,,,,,,,,,,,,,,,,,
exCSP.R3,vWA,14,15,16,17,NA,NA,NA,NA,NA,NA,NA,34,236,912,589,NA,NA,NA,NA,NA,NA,NA,1,2,3,4,NA,NA,NA,NA,NA,NA,NA
,,,,,,,,,,,,,,,,,,,,,,,,,,,,,,,,,,
exCSP.R3,D16S539,9,10,11,NA,NA,NA,NA,NA,NA,NA,NA,39,956,925,NA,NA,NA,NA,NA,NA,NA,NA,1,2,3,NA,NA,NA,NA,NA,NA,NA,NA
,,,,,,,,,,,,,,,,,,,,,,,,,,,,,,,,,,
exCSP.R3,D2S1338,15,18,19,20,22,23,24,25,NA,NA,NA,29,158,926,36,70,944,21,200,NA,NA,NA,1,2,3,4,5,6,7,8,NA,NA,NA
,,,,,,,,,,,,,,,,,,,,,,,,,,,,,,,,,,
exCSP.R3,AMEL,X,Y,NA,NA,NA,NA,NA,NA,NA,NA,NA,3106,2836,NA,NA,NA,NA,NA,NA,NA,NA,NA,1,2,NA,NA,NA,NA,NA,NA,NA,NA,NA
,,,,,,,,,,,,,,,,,,,,,,,,,,,,,,,,,,
exCSP.R3,D8S1179,12,13,14,15,NA,NA,NA,NA,NA,NA,NA,167,1509,1779,41,NA,NA,NA,NA,NA,NA,NA,1,2,3,4,NA,NA,NA,NA,NA,NA,NA
,,,,,,,,,,,,,,,,,,,,,,,,,,,,,,,,,,
exCSP.R3,D21S11,27,28,29,30,31,36,37,NA,NA,NA,NA,46,842,196,2005,37,21,219,NA,NA,NA,NA,1,2,3,4,5,6,7,NA,NA,NA,NA
,,,,,,,,,,,,,,,,,,,,,,,,,,,,,,,,,,
exCSP.R3,D18S51,7.2,12,13,14,15,17,17.2,18,20,21,21.2,25,105,1798,1262,36,91,30,57,21,198,37,1,2,3,4,5,6,7,8,9,10,11
,,,,,,,,,,,,,,,,,,,,,,,,,,,,,,,,,,
exCSP.R3,D22S1045,10,11,12,14,15,16,17,NA,NA,NA,NA,41,1570,33,146,1581,352,35,NA,NA,NA,NA,1,2,3,4,5,6,7,NA,NA,NA,NA
,,,,,,,,,,,,,,,,,,,,,,,,,,,,,,,,,,
exCSP.R3,D19S433,12,13,14,15,15.2,NA,NA,NA,NA,NA,NA,216,3416,311,2535,35,NA,NA,NA,NA,NA,NA,1,2,3,4,5,NA,NA,NA,NA,NA,NA
,,,,,,,,,,,,,,,,,,,,,,,,,,,,,,,,,,
exCSP.R3,TH01,6,7,8,8.3,9.3,NA,NA,NA,NA,NA,NA,79,250,260,21,2549,NA,NA,NA,NA,NA,NA,1,2,3,4,5,NA,NA,NA,NA,NA,NA
,,,,,,,,,,,,,,,,,,,,,,,,,,,,,,,,,,
exCSP.R3,FGA,18.2,20,21,22,23,24,25,NA,NA,NA,NA,172,39,194,122,21,185,2184,NA,NA,NA,NA,1,2,3,4,5,6,7,NA,NA,NA,NA
,,,,,,,,,,,,,,,,,,,,,,,,,,,,,,,,,,
exCSP.R3,D2S441,8,10,11,13,14,15,NA,NA,NA,NA,NA,26,162,2120,46,1235,26,NA,NA,NA,NA,NA,1,2,3,4,5,6,NA,NA,NA,NA,NA
,,,,,,,,,,,,,,,,,,,,,,,,,,,,,,,,,,
exCSP.R3,D3S1358,14,15,16,17,NA,NA,NA,NA,NA,NA,NA,129,1289,411,1780,NA,NA,NA,NA,NA,NA,NA,1,2,3,4,NA,NA,NA,NA,NA,NA,NA
,,,,,,,,,,,,,,,,,,,,,,,,,,,,,,,,,,
exCSP.R3,D1S1656,11,13,14,14.3,15,15.3,16.3,NA,NA,NA,NA,44,143,131,70,59,1192,721,NA,NA,NA,NA,1,2,3,4,5,6,7,NA,NA,NA,NA
,,,,,,,,,,,,,,,,,,,,,,,,,,,,,,,,,,
exCSP.R3,D12S391,17,17.3,19,20,21,NA,NA,NA,NA,NA,NA,315,1085,70,93,1021,NA,NA,NA,NA,NA,NA,1,2,3,4,5,NA,NA,NA,NA,NA,NA
,,,,,,,,,,,,,,,,,,,,,,,,,,,,,,,,,,
exCSP.R3,SE33,16,18,19,20,20.2,21,25.2,27.2,28,28.2,NA,97,21,142,141,49,1357,41,117,38,1178,NA,1,2,3,4,5,6,7,8,9,10,NA
